{
  "val_loss": 0.0052441166386535615,
  "accuracy": 0.9502238159708246,
  "precision": 0.0,
  "recall": 0.0,
  "f1_score": 0.0,
  "threshold": 0.0029747120570391417
}