{
  "rounds": [
    1,
    2,
    3,
    4,
    5
  ],
  "train_losses": [
    0.0008128599379698192,
    0.0002002353452170901,
    0.00014808834042261213,
    0.00012831400999380025,
    0.00011812790021224983
  ],
  "val_losses": [
    0.0,
    0.0,
    0.0,
    0.0,
    0.0
  ],
  "accuracies": [
    0.0,
    0.0,
    0.0,
    0.0,
    0.0
  ],
  "precisions": [
    0.0,
    0.0,
    0.0,
    0.0,
    0.0
  ],
  "recalls": [
    0.0,
    0.0,
    0.0,
    0.0,
    0.0
  ],
  "f1_scores": [
    0.0,
    0.0,
    0.0,
    0.0,
    0.0
  ],
  "client_counts": [
    8,
    16,
    16,
    16,
    16
  ],
  "aggregation_times": [
    0.03314208984375,
    0.019990205764770508,
    0.02248406410217285,
    0.023679018020629883,
    0.025495529174804688
  ],
  "learning_rates": []
}