{
  "val_loss": 1.0217401253800071,
  "anomaly_ratio": 0.04666593484332882,
  "threshold": 0.11558958142995834,
  "num_samples": 81987
}