{
  "server_round": 5,
  "aggregated_metrics": {},
  "client_metrics": [
    {
      "client_id": "0",
      "metrics": {
        "train_loss": 0.000605638292800814,
        "val_loss": 0.003466201516322614
      },
      "num_examples": 327944
    },
    {
      "client_id": "1",
      "metrics": {
        "train_loss": 7.111687941107429,
        "val_loss": 64.00522317646482
      },
      "num_examples": 388192
    }
  ]
}