{
  "server_round": 1,
  "aggregated_metrics": {},
  "client_metrics": [
    {
      "client_id": "0",
      "metrics": {
        "train_loss": 0.0009390627094388674,
        "val_loss": 0.002970970065226409
      },
      "num_examples": 327944
    },
    {
      "client_id": "1",
      "metrics": {
        "train_loss": 7.113347079360606,
        "val_loss": 64.00549459168982
      },
      "num_examples": 388192
    }
  ]
}