{
  "centralized": {
    "best_threshold_method": "median_plus_mad",
    "best_metrics": {
      "threshold": "0.22610116",
      "accuracy": 0.6394941224016447,
      "precision": 0.7998793325843632,
      "recall": 0.600738397801771,
      "f1_score": 0.6861518575221904,
      "roc_auc": 0.7131993532592809,
      "confusion_matrix": [
        [
          167602,
          67333
        ],
        [
          178868,
          269129
        ]
      ]
    },
    "all_thresholds": {
      "95th_percentile": {
        "threshold": "1.9005072",
        "accuracy": 0.5586383417382697,
        "precision": 0.930928847363748,
        "recall": 0.35340415225994815,
        "f1_score": 0.512319032857226,
        "roc_auc": 0.7131993532592809,
        "confusion_matrix": [
          [
            223188,
            11747
          ],
          [
            289673,
            158324
          ]
        ]
      },
      "mean_plus_2std": {
        "threshold": "22.642477",
        "accuracy": 0.3439112532433683,
        "precision": 0.4513788098693759,
        "recall": 0.0006942010772393565,
        "f1_score": 0.001386270131004756,
        "roc_auc": 0.7131993532592809,
        "confusion_matrix": [
          [
            234557,
            378
          ],
          [
            447686,
            311
          ]
        ]
      },
      "mean_plus_3std": {
        "threshold": "33.669037",
        "accuracy": 0.34404303795985547,
        "precision": 0.5218216318785579,
        "recall": 0.0006138433962727429,
        "f1_score": 0.0012262443035378262,
        "roc_auc": 0.7131993532592809,
        "confusion_matrix": [
          [
            234683,
            252
          ],
          [
            447722,
            275
          ]
        ]
      },
      "median_plus_mad": {
        "threshold": "0.22610116",
        "accuracy": 0.6394941224016447,
        "precision": 0.7998793325843632,
        "recall": 0.600738397801771,
        "f1_score": 0.6861518575221904,
        "roc_auc": 0.7131993532592809,
        "confusion_matrix": [
          [
            167602,
            67333
          ],
          [
            178868,
            269129
          ]
        ]
      }
    },
    "dataset_info": {
      "total_samples": 682932,
      "normal_samples": 234935,
      "anomaly_samples": 447997,
      "normal_percentage": 34.40093596434198,
      "anomaly_percentage": 65.59906403565802
    },
    "reconstruction_error_stats": {
      "mean": 1.2753841876983643,
      "std": 7.728954792022705,
      "min": 0.05203410983085632,
      "max": 4099.3974609375,
      "normal_mean": 0.5893591046333313,
      "normal_std": 11.026558876037598,
      "anomaly_mean": 1.6351439952850342,
      "anomaly_std": 5.1890788078308105
    },
    "model_info": {
      "input_dim": 78,
      "bottleneck_dim": 4,
      "total_parameters": 15746
    }
  },
  "federated": {
    "evaluation": {
      "dataset": "federated_client_validation (data/maximized/*.npz)",
      "num_samples": 324537,
      "anomaly_rate": 27.608562351904403
    },
    "model_info": {
      "checkpoint": "C:\\Users\\prave\\Desktop\\Research Paper\\FL, XAI\\work\\CICD  project\\AI\\federated_anomaly_detection\\checkpoints\\round_5_optimized_model.npz",
      "input_dim": 79
    },
    "roc_auc": 0.663810912677616,
    "best_threshold_method": "median_plus_mad",
    "best_metrics": {
      "threshold": 0.002123435348039493,
      "accuracy": 0.8088661693427868,
      "precision": 0.7769963428847004,
      "recall": 0.4315625,
      "f1_score": 0.5549129629895383,
      "confusion_matrix": [
        [
          223839,
          11098
        ],
        [
          50932,
          38668
        ]
      ]
    },
    "all_thresholds": {
      "95th_percentile": {
        "threshold": 0.004846837837249041,
        "accuracy": 0.7602707857655676,
        "precision": 0.8635607321131448,
        "recall": 0.15639508928571427,
        "f1_score": 0.2648284464267153,
        "confusion_matrix": [
          [
            232723,
            2214
          ],
          [
            75587,
            14013
          ]
        ]
      },
      "mean_plus_2std": {
        "threshold": 0.004323683795519173,
        "accuracy": 0.7733663650061472,
        "precision": 0.8611223617298951,
        "recall": 0.21356026785714285,
        "f1_score": 0.3422434068734853,
        "confusion_matrix": [
          [
            231851,
            3086
          ],
          [
            70465,
            19135
          ]
        ]
      },
      "mean_plus_3std": {
        "threshold": 0.005853436887264252,
        "accuracy": 0.7332045344598613,
        "precision": 0.7983376212151198,
        "recall": 0.045022321428571425,
        "f1_score": 0.08523765754915322,
        "confusion_matrix": [
          [
            233918,
            1019
          ],
          [
            85566,
            4034
          ]
        ]
      },
      "median_plus_mad": {
        "threshold": 0.002123435348039493,
        "accuracy": 0.8088661693427868,
        "precision": 0.7769963428847004,
        "recall": 0.4315625,
        "f1_score": 0.5549129629895383,
        "confusion_matrix": [
          [
            223839,
            11098
          ],
          [
            50932,
            38668
          ]
        ]
      }
    },
    "reconstruction_error_stats": {
      "mean": 0.001264177612029016,
      "std": 0.0015297530917450786,
      "min": 6.123618277342757e-06,
      "max": 0.05321574583649635
    }
  }
}