{
  "training_history": {
    "train_loss": [
      NaN,
      NaN,
      NaN,
      NaN,
      NaN,
      NaN,
      NaN,
      NaN,
      NaN,
      NaN
    ],
    "val_loss": [
      NaN,
      NaN,
      NaN,
      NaN,
      NaN,
      NaN,
      NaN,
      NaN,
      NaN,
      NaN
    ],
    "epochs": [
      1,
      2,
      3,
      4,
      5,
      6,
      7,
      8,
      9,
      10
    ],
    "training_time": [
      24.747400999069214,
      25.863644123077393,
      26.377695322036743,
      26.650012493133545,
      27.299269914627075,
      54.09025049209595,
      95.13739800453186,
      62.008039712905884,
      93.66491484642029,
      75.66677904129028
    ]
  },
  "final_train_loss": NaN,
  "final_val_loss": NaN,
  "total_epochs": 10,
  "total_training_time": 511.50540494918823,
  "model_parameters": 15875,
  "config": {
    "input_dim": 79,
    "encoding_dims": [
      64,
      32,
      16,
      8
    ],
    "bottleneck_dim": 4,
    "dropout_rate": 0.1,
    "learning_rate": 0.001,
    "batch_size": 128,
    "epochs": 100,
    "patience": 10,
    "min_delta": 1e-06,
    "test_size": 0.2,
    "validation_split": 0.2,
    "random_state": 42,
    "anomaly_threshold_percentile": 95,
    "device": 