{
  "model_config": {
    "input_dim": 79,
    "encoding_dims": [
      64,
      32,
      16,
      8
    ],
    "bottleneck_dim": 4,
    "dropout_rate": 0.1,
    "learning_rate": 0.001,
    "batch_size": 128,
    "epochs": 100,
    "training_epochs": 50,
    "patience": 10,
    "min_delta": 1e-06,
    "test_size": 0.2,
    "validation_split": 0.2,
    "random_state": 42,
    "anomaly_threshold_percentile": 95,
    "device": "cpu"
  },
  "training_history": {
    "ae_train_loss": [
      0.7664950098246336,
      0.7881619996279479,
      0.7394344884604216,
      0.6833406907021999,
      0.7735456643253564,
      0.6959679324030876,
      0.8253192760050296,
      0.7732983367741108,
      0.773581001676619,
      0.7764139472693204,
      0.6883472203016281,
      0.7170336469709874,
      0.7223097104355692,
      0.7512954789102078,
      0.7856031516641379,
      0.7269083341062069,
      0.785998661160469,
      0.7277417770698666,
      0.7200571202337742,
      0.7370328393429518,
      0.7193619228377939,
      0.739940727174282,
      0.7655317624211311,
      0.6835656357482076,
      0.718225982569158,
      0.7393017777502536,
      0.7423671477660537,
      0.6741152554377914,
      0.691800273641944,
      0.7118946516960859,
      0.7216359435468912,
      0.7377100550234318,
      0.7468495403528214,
      0.7076430904865265,
      0.7598528367578983,
      0.8113641194701194,
      0.7606435215324163,
      0.7602923381701112,
      0.6950269818529486,
      0.6966680124253034,
      0.7218386718407274,
      0.6827690132707357,
      0.6995316415652633,
      0.75113996681571,
      0.7580644397735595,
      0.7257812031731009,
      0.763891141757369,
      0.7402997357770801,
      0.7649857038706541,
      0.7739177125990391
    ],
    "ae_val_loss": [
      0.9803570886701345,
      0.9858912339806557,
      0.9824411972612143,
      0.9806776803359389,
      0.9842063638195395,
      0.9883563140407204,
      0.9817342149466276,
      0.981070909909904,
      0.9797200937569142,
      0.9799675073847175,
      0.9755051523819566,
      0.9762382558733225,
      0.9775594654679298,
      0.9742189886793494,
      0.9742755449190735,
      0.9746515315026045,
      0.9716002854332327,
      0.9714774549379945,
      0.971311601139605,
      0.9721077806875109,
      0.9728990231081843,
      0.9689797338843346,
      0.97040975805372,
      0.9675982151180506,
      0.9587985926121473,
      0.9579735139012336,
      0.951937236264348,
      0.9523502926528454,
      0.9514568789675831,
      0.9535406756028533,
      0.9513794044032693,
      0.9499857537075878,
      0.9519589046016336,
      0.9516836873814464,
      0.9534931883588433,
      0.952307653464377,
      0.9532695408910513,
      0.9528479569032788,
      0.9530545065551996,
      0.9495501581579446,
      0.949585179053247,
      0.9518850015848875,
      0.9518862969428301,
      0.9525080760568381,
      0.9493136055395007,
      0.9498347036913037,
      0.950037392321974,
      0.9492570710927248,
      0.9488411027565599,
      0.9490083557926119
    ],
    "attack_train_loss": [
      0.3011886041872203,
      0.24054982786625623,
      0.2330416396409273,
      0.2289641501829028,
      0.22529516653716564,
      0.2249463125653565,
      0.22191341633535921,
      0.21999697444960475,
      0.21930789725482464,
      0.21872621266543865
    ],
    "attack_val_loss": [
      0.2343523238102595,
      0.2259442294779278,
      0.22186660917032333,
      0.21862643634989148,
      0.21780326261406854,
      0.21618594684771128,
      0.21540191698642003,
      0.2144592418131374,
      0.21542632618120738,
      0.21619865992239543
    ],
    "attack_accuracy": [
      0.8986171875,
      0.91820703125,
      0.91948046875,
      0.92028125,
      0.92140234375,
      0.9216015625,
      0.9220859375,
      0.92271875,
      0.92302734375,
      0.9235234375
    ],
    "epochs": [
      1,
      2,
      3,
      4,
      5,
      6,
      7,
      8,
      9,
      10,
      11,
      12,
      13,
      14,
      15,
      16,
      17,
      18,
      19,
      20,
      21,
      22,
      23,
      24,
      25,
      26,
      27,
      28,
      29,
      30,
      31,
      32,
      33,
      34,
      35,
      36,
      37,
      38,
      39,
      40,
      41,
      42,
      43,
      44,
      45,
      46,
      47,
      48,
      49,
      50
    ],
    "training_time": [
      11.280219078063965,
      11.088948488235474,
      11.221024990081787,
      11.139857292175293,
      11.17531704902649,
      11.353988647460938,
      10.427732944488525,
      10.079984903335571,
      10.093089580535889,
      10.025622129440308,
      10.175844430923462,
      10.120911598205566,
      10.233350276947021,
      10.038557052612305,
      10.092454671859741,
      10.700329303741455,
      10.186327457427979,
      9.944084644317627,
      10.09188199043274,
      9.937722444534302,
      10.101028680801392,
      10.07921576499939,
      10.059462070465088,
      10.01735544204712,
      9.91019320487976,
      9.838147401809692,
      10.061289310455322,
      9.987065553665161,
      9.910877227783203,
      10.182787656784058,
      10.5684654712677,
      10.963433027267456,
      10.15632939338684,
      10.056475639343262,
      10.212719202041626,
      10.000218152999878,
      10.115885019302368,
      10.016020059585571,
      10.066153764724731,
      9.903579235076904,
      9.81301498413086,
      9.930862188339233,
      10.057569980621338,
      10.10879111289978,
      10.084357500076294,
      9.974937677383423,
      10.031296968460083,
      9.972326755523682,
      10.075939893722534,
      10.161640882492065
    ]
  },
  "final_train_loss": 0.7739177125990391,
  "final_val_loss": 0.9490083557926119,
  "total_epochs": 50,
  "total_training_time": 511.82468819618225,
  "attack_classifier_trained": true,
  "two_stage_enabled": true
}