{
  "model_config": {
    "input_dim": 79,
    "encoding_dims": [
      64,
      32,
      16,
      8
    ],
    "bottleneck_dim": 4,
    "dropout_rate": 0.1,
    "learning_rate": 0.001,
    "batch_size": 128,
    "epochs": 100,
    "training_epochs": 50,
    "patience": 10,
    "min_delta": 1e-06,
    "test_size": 0.2,
    "validation_split": 0.2,
    "random_state": 42,
    "anomaly_threshold_percentile": 95,
    "device": "cpu"
  },
  "training_history": {
    "ae_train_loss": [
      0.720142418295145,
      0.7792803264260292,
      0.7417134190052748,
      0.7671547720134259,
      0.6937098541706801,
      0.7159702814668417,
      0.7141244371682406,
      0.6961536652892828,
      0.706707833558321,
      0.6776586404964328,
      0.6815359773337841,
      0.7086506401598454,
      0.697378967627883,
      0.7697900968790055,
      0.7659488600417972,
      0.7622761250883341,
      0.7273926236927509,
      0.6959785900563001,
      0.7991274522989988,
      0.7001262451186776,
      0.767819700486958,
      0.7966108443289995,
      0.7615330064967275,
      0.6801255667358637,
      0.716874201066792,
      0.7384376199170947,
      0.7402330462560057,
      0.7433280541300774,
      0.7533375413119793,
      0.7704316739588976,
      0.7085673176273704,
      0.740641276821494,
      0.8049368368387222,
      0.7601499326154589,
      0.704683945029974,
      0.7595524877458811,
      0.7619913728386164,
      0.7406702317669988,
      0.757382832057774,
      0.7126791736334562,
      0.697669505275786,
      0.758915272936225,
      0.7429389503747225,
      0.7437015081942081,
      0.672507876701653,
      0.7645375439673662,
      0.7107924400642515,
      0.7344552356004715,
      0.7341306096315384,
      0.7052616719454526
    ],
    "ae_val_loss": [
      0.9787192894145846,
      0.966946554929018,
      0.9646105567738413,
      0.9626134173199534,
      0.9607761105149984,
      0.9700277263298631,
      0.9602155811339617,
      0.9582757381722331,
      0.9597905694320797,
      0.9577910752408206,
      0.9553883675485849,
      0.9559456522017717,
      0.9552267518267036,
      0.9549213298410177,
      0.9576271565258503,
      0.9563188570737838,
      0.9548840352892876,
      0.9540482642129063,
      0.9503754840791225,
      0.952677703537047,
      0.9503446277230978,
      0.95469871211797,
      0.9555056293308735,
      0.9553010761737823,
      0.9529232901521028,
      0.9533662761375308,
      0.95277001157403,
      0.9525785599648953,
      0.9520945882238447,
      0.9521587915532291,
      0.9518448216281832,
      0.9524842534586787,
      0.9514491694048047,
      0.9516019307076931,
      0.9513528267666698,
      0.9512731706909835,
      0.9513869812712074,
      0.9514910165220499,
      0.9522248131409288,
      0.9512930521927774,
      0.9511803194321692,
      0.9511995403654874,
      0.9507944102212786,
      0.9508853412233294,
      0.9502496749348939,
      0.9505141262896359,
      0.9502272617816925,
      0.9510499281994998,
      0.950409282874316,
      0.9500440006889402
    ],
    "attack_train_loss": [],
    "attack_val_loss": [],
    "attack_accuracy": [],
    "epochs": [
      1,
      2,
      3,
      4,
      5,
      6,
      7,
      8,
      9,
      10,
      11,
      12,
      13,
      14,
      15,
      16,
      17,
      18,
      19,
      20,
      21,
      22,
      23,
      24,
      25,
      26,
      27,
      28,
      29,
      30,
      31,
      32,
      33,
      34,
      35,
      36,
      37,
      38,
      39,
      40,
      41,
      42,
      43,
      44,
      45,
      46,
      47,
      48,
      49,
      50
    ],
    "training_time": [
      14.14650273323059,
      13.697155714035034,
      13.678267002105713,
      13.510292530059814,
      13.539690256118774,
      13.200182676315308,
      13.43034029006958,
      13.670260429382324,
      13.546818494796753,
      13.399410724639893,
      13.484663248062134,
      13.44242787361145,
      13.112024545669556,
      13.869301080703735,
      13.665938138961792,
      13.432260990142822,
      15.74867033958435,
      13.9199059009552,
      14.438608646392822,
      13.776955366134644,
      13.479152917861938,
      13.783214330673218,
      13.651918411254883,
      13.444454669952393,
      13.713558673858643,
      13.622556686401367,
      13.54345703125,
      14.226149320602417,
      14.177070379257202,
      14.123138904571533,
      13.688982009887695,
      14.024226665496826,
      14.033597946166992,
      13.721344470977783,
      13.40774941444397,
      13.898483753204346,
      14.012840270996094,
      14.130905866622925,
      13.966509580612183,
      14.151782035827637,
      13.574357032775879,
      14.41677474975586,
      14.740382432937622,
      14.090298891067505,
      14.002157926559448,
      14.181864976882935,
      14.345099925994873,
      13.979930877685547,
      14.106081247329712,
      14.527583360671997
    ]
  },
  "final_train_loss": 0.7052616719454526,
  "final_val_loss": 0.9500440006889402,
  "total_epochs": 50,
  "total_training_time": 693.4753017425537,
  "attack_classifier_trained": false,
  "two_stage_enabled": true
}