{
  "two_stage_enabled": true,
  "stage1_anomaly_detection": {
    "accuracy": 0.6263625075410143,
    "precision": 0.768692904081644,
    "recall": 0.6156893907771703,
    "f1_score": 0.6837360858577408,
    "roc_auc": 0.6772115089494508,
    "confusion_matrix": [
      [
        151936,
        82999
      ],
      [
        172170,
        275827
      ]
    ]
  },
  "stage2_attack_classification": {
    "accuracy": 0.19927485745180115,
    "precision": 0.15445264477003665,
    "recall": 0.19927485745180115,
    "f1_score": 0.10412858393558082,
    "attack_types_detected": 358826,
    "attack_confidence_mean": 0.22968974329047936,
    "attack_confidence_std": 0.007740073723053601,
    "confusion_matrix": [
      [
        62,
        56823,
        3,
        23,
        14607
      ],
      [
        67,
        57016,
        1,
        27,
        14690
      ],
      [
        61,
        56999,
        0,
        25,
        14553
      ],
      [
        49,
        57414,
        1,
        21,
        14700
      ],
      [
        69,
        57183,
        1,
        25,
        14406
      ]
    ],
    "classification_report": {
      "BENIGN": {
        "precision": 0.2012987012987013,
        "recall": 0.000866914622892139,
        "f1-score": 0.0017263943418817699,
        "support": 71518.0
      },
      "DoS GoldenEye": {
        "precision": 0.19975125685357437,
        "recall": 0.7940836478600577,
        "f1-score": 0.31920635098366346,
        "support": 71801.0
      },
      "DoS Hulk": {
        "precision": 0.0,
        "recall": 0.0,
        "f1-score": 0.0,
        "support": 71638.0
      },
      "DoS Slowhttptest": {
        "precision": 0.17355371900826447,
        "recall": 0.00029091916603172407,
        "f1-score": 0.0005808646585345615,
        "support": 72185.0
      },
      "DoS slowloris": {
        "precision": 0.19746148363397117,
        "recall": 0.2009653479158529,
        "f1-score": 0.19919800884955752,
        "support": 71684.0
      },
      "accuracy": 0.19927485745180115,
      "macro avg": {
        "precision": 0.15441303215890229,
        "recall": 0.1992413659129669,
        "f1-score": 0.10414232376672747,
        "support": 358826.0
      },
      "weighted avg": {
        "precision": 0.15445264477003665,
        "recall": 0.19927485745180115,
        "f1-score": 0.10412858393558082,
        "support": 358826.0
      }
    }
  },
  "dataset_info": {
    "total_samples": 682932,
    "normal_samples": 234935,
    "anomaly_samples": 447997,
    "detected_anomalies": 358826,
    "attack_classifications": 358826
  },
  "model_info": {
    "autoencoder_params": 15746,
    "attack_classifier_params": 20613,
    "total_params": 36359,
    "attack_types": [
      "BENIGN",
      "DoS GoldenEye",
      "DoS Hulk",
      "DoS Slowhttptest",
      "DoS slowloris"
    ]
  },
  "reconstruction_error_stats": {
    "mean": 1.2791153192520142,
    "std": 7.817758560180664,
    "min": 0.038341209292411804,
    "max": 4144.2578125
  }
}