{
  "val_loss": 0.005134913683148816,
  "anomaly_ratio": 0.04822715796406747,
  "error_mean": 0.0011410918086767197,
  "error_std": 0.001175092882476747,
  "threshold": 0.003859523683786392
}