{
  "training_history": {
    "train_loss": [
      0.8022248922586441,
      0.7059917918592692,
      0.7338600595220923,
      0.6950365258380771,
      0.7343057251572609,
      0.6681196474060416,
      0.7028686118721962,
      0.6600540921539069,
      0.7246635373607277,
      0.6782772671058774,
      0.7314504375904799,
      0.6982175689339638,
      0.7020916475355625,
      0.7471179500371218,
      0.646875360429287,
      0.6702336564287543,
      0.6932729896232486,
      0.7179929448589683,
      0.6530812315195799,
      0.66952059789747,
      0.697787763081491,
      0.7284375461041928,
      0.694241951353848,
      0.6500328259691596,
      0.7116399467587471,
      0.6383225128799677,
      0.7152855475470423,
      0.6871340404376387,
      0.6401453305035829,
      0.6675172542631627,
      0.6648269928470254,
      0.7124395570084453,
      0.6619138433039189,
      0.6612678879201412,
      0.6893441253304482,
      0.6967698188796639,
      0.702315682657063,
      0.6291568428501487,
      0.64297048509866,
      0.6633898339420558,
      0.6864054660797119,
      0.7044307169094681,
      0.6520910310074687,
      0.700148732945323,
      0.7177955129966139,
      0.6561752230376006,
      0.6433904240503907,
      0.6172929833009839,
      0.6585410550013184,
      0.6744464564174414
    ],
    "val_loss": [
      0.9513975254818797,
      0.9379085903614759,
      0.9333804811164736,
      0.928396244943142,
      0.9266304795071483,
      0.9264975224435329,
      0.9233767685107886,
      0.9268860282935202,
      0.9171169784106314,
      0.9131386934407055,
      0.9116263782978058,
      0.9101909800246358,
      0.9099807641468942,
      0.9096572868898511,
      0.9083372557163238,
      0.9088465373963117,
      0.908671656716615,
      0.9065995492972434,
      0.9063436195999384,
      0.9052853730134666,
      0.9066005509719253,
      0.9069577420689166,
      0.9025820566155016,
      0.9031908607110382,
      0.9023266146332025,
      0.9028011908382177,
      0.9015755150094629,
      0.9013175915181637,
      0.9033813348598778,
      0.9000676470249891,
      0.9023078106157482,
      0.9034407761693001,
      0.9023474700190127,
      0.9025787826627493,
      0.901506404131651,
      0.9026109254546464,
      0.9021766214445234,
      0.9016225744783878,
      0.9031258736364544,
      0.9033731020800769,
      0.9022538108192384,
      0.9064089640416205,
      0.9066209590993821,
      0.9086162011511624,
      0.9047691269405186,
      0.9045122700743378,
      0.9031785167939961,
      0.9044301887974143,
      0.9021859201602638,
      0.9024192569591105
    ],
    "epochs": [
      1,
      2,
      3,
      4,
      5,
      6,
      7,
      8,
      9,
      10,
      11,
      12,
      13,
      14,
      15,
      16,
      17,
      18,
      19,
      20,
      21,
      22,
      23,
      24,
      25,
      26,
      27,
      28,
      29,
      30,
      31,
      32,
      33,
      34,
      35,
      36,
      37,
      38,
      39,
      40,
      41,
      42,
      43,
      44,
      45,
      46,
      47,
      48,
      49,
      50
    ],
    "training_time": [
      17.23401951789856,
      14.840041160583496,
      12.557568073272705,
      16.763251066207886,
      14.412219524383545,
      16.827993154525757,
      14.583036184310913,
      16.96478247642517,
      12.122794389724731,
      15.025184869766235,
      16.176167726516724,
      12.174328565597534,
      15.876629114151001,
      15.131723403930664,
      15.415456295013428,
      14.756718873977661,
      13.879366874694824,
      13.505213737487793,
      14.977427959442139,
      9.86995792388916,
      10.954352140426636,
      16.493699550628662,
      14.347182750701904,
      13.03506350517273,
      12.298363208770752,
      13.009235620498657,
      10.764768600463867,
      11.503268480300903,
      15.276453018188477,
      16.823853731155396,
      11.327462673187256,
      12.393492460250854,
      11.89763331413269,
      13.806076049804688,
      16.39009666442871,
      14.746458292007446,
      12.58787727355957,
      15.629794597625732,
      17.026726961135864,
      11.85953950881958,
      14.592318534851074,
      13.059305906295776,
      11.643984079360962,
      21.592949390411377,
      39.17246174812317,
      32.43846297264099,
      20.27454924583435,
      21.114943504333496,
      20.285961866378784,
      20.071451902389526
    ]
  },
  "final_train_loss": 0.6744464564174414,
  "final_val_loss": 0.9024192569591105,
  "total_epochs": 50,
  "total_training_time": 779.5116684436798,
  "model_parameters": 15746,
  "config": {
    "input_dim": 79,
    "encoding_dims": [
      64,
      32,
      16,
      8
    ],
    "bottleneck_dim": 4,
    "dropout_rate": 0.1,
    "learning_rate": 0.001,
    "batch_size": 128,
    "epochs": 100,
    "training_epochs": 50,
    "patience": 10,
    "min_delta": 1e-06,
    "test_size": 0.2,
    "validation_split": 0.2,
    "random_state": 42,
    "anomaly_threshold_percentile": 95,
    "device": "cpu"
  },
  "completion_date": "2026-01-29T19:57:08.610993",
  "status": "FIXED_AND_WORKING"
}