{
  "val_loss": 0.0014507439972220144,
  "anomaly_ratio": 0.04824367072303681,
  "error_mean": 0.00032238755375146866,
  "error_std": 0.0004800603201147169,
  "threshold": 0.0018345838179811835
}