{
  "server_round": 10,
  "aggregated_metrics": {},
  "client_metrics": [
    {
      "client_id": "0",
      "metrics": {
        "train_loss": 7.111711362738591,
        "val_loss": 64.00577891216277
      },
      "num_examples": 388192
    },
    {
      "client_id": "1",
      "metrics": {
        "train_loss": 0.0004913587999828881,
        "val_loss": 0.003433316589344715
      },
      "num_examples": 327944
    }
  ]
}