{
  "server_round": 2,
  "aggregated_metrics": {},
  "client_metrics": [
    {
      "client_id": "0",
      "metrics": {
        "train_loss": 7.111776543135262,
        "val_loss": 64.00539341756483
      },
      "num_examples": 388192
    },
    {
      "client_id": "1",
      "metrics": {
        "train_loss": 0.000654370828157278,
        "val_loss": 0.003330944581259794
      },
      "num_examples": 327944
    }
  ]
}