{
  "server_round": 3,
  "aggregated_metrics": {},
  "client_metrics": [
    {
      "client_id": "0",
      "metrics": {
        "train_loss": 7.111702303139181,
        "val_loss": 64.00419452506353
      },
      "num_examples": 388192
    },
    {
      "client_id": "1",
      "metrics": {
        "train_loss": 0.0005673085590900082,
        "val_loss": 0.003440694777641659
      },
      "num_examples": 327944
    }
  ]
}