{
  "server_round": 9,
  "aggregated_metrics": {},
  "client_metrics": [
    {
      "client_id": "0",
      "metrics": {
        "train_loss": 7.111698244115447,
        "val_loss": 64.00692547677671
      },
      "num_examples": 388192
    },
    {
      "client_id": "1",
      "metrics": {
        "train_loss": 0.0004887555024692637,
        "val_loss": 0.003507786225705186
      },
      "num_examples": 327944
    }
  ]
}