{
  "server_round": 8,
  "aggregated_metrics": {},
  "client_metrics": [
    {
      "client_id": "0",
      "metrics": {
        "train_loss": 7.111690854228307,
        "val_loss": 64.0061073293396
      },
      "num_examples": 388192
    },
    {
      "client_id": "1",
      "metrics": {
        "train_loss": 0.0004870714963786265,
        "val_loss": 0.0035799746437674062
      },
      "num_examples": 327944
    }
  ]
}