{
  "val_loss": 0.0035701331984765317,
  "anomaly_ratio": 0.049995731030529234,
  "error_mean": 0.0007933629676699638,
  "error_std": 0.0008434681221842766,
  "threshold": 0.002092908136546612
}