{
  "val_loss": 0.0012919450577394635,
  "anomaly_ratio": 0.04939807530462147,
  "error_mean": 0.0002870988682843745,
  "error_std": 0.00021140884200576693,
  "threshold": 0.0004011371929664165
}