{
  "val_loss": 0.007544018075074782,
  "anomaly_ratio": 0.036847365763686385,
  "error_mean": 0.0016764485044404864,
  "error_std": 0.001442536013200879,
  "threshold": 0.004075125325471163
}