{
  "val_loss": 64.02857380125391,
  "anomaly_ratio": 0.04938742284825191,
  "threshold": 7.116823673248291,
  "num_samples": 97049
}